Student_ID,Study_Hours,Attendance,Assignment_Score,Internal_Marks,Previous_GPA,Extracurricular_Hours
S0001,5.0,87.8,76.9,90.2,7.86,3.4
S0002,2.6,67.2,53.1,62.1,6.37,3.3
S0003,5.9,89.4,90.0,100.0,8.32,2.5
S0004,6.2,100.0,93.6,79.7,9.65,4.9
S0005,1.0,64.0,35.0,41.7,5.68,4.5
S0006,2.2,74.0,65.8,51.5,5.76,0.5
S0007,4.7,92.4,78.7,63.5,7.55,0.4
S0008,3.9,78.2,61.4,77.7,7.14,4.9
S0009,4.5,91.6,87.0,75.0,7.16,2.2
S0010,3.0,79.2,68.8,68.5,6.97,4.7
S0011,6.1,83.4,76.6,100.0,8.34,5.7
S0012,5.9,100.0,100.0,87.2,8.61,1.2
S0013,4.6,81.2,81.2,71.7,7.67,0.9
S0014,6.5,82.3,89.4,90.1,9.15,7.7
S0015,5.3,80.6,93.5,88.1,7.8,4.8
S0016,3.0,66.5,61.8,54.2,6.07,3.1
S0017,5.2,89.5,81.5,76.5,8.53,1.9
S0018,2.8,72.2,55.4,67.6,6.61,2.9
S0019,6.1,91.5,93.3,91.8,8.23,1.4
S0020,4.4,90.0,80.4,59.9,7.47,5.9
S0021,4.2,86.1,74.1,63.5,7.33,2.3
S0022,3.3,80.5,60.0,77.2,6.8,6.4
S0023,6.7,100.0,96.2,99.0,8.3,3.1
S0024,4.2,88.9,74.5,68.5,6.65,1.7
S0025,3.7,61.4,54.0,61.4,6.0,3.1
S0026,3.9,77.9,58.0,68.8,6.45,0.0
S0027,5.5,71.1,83.8,84.0,7.25,3.7
S0028,5.2,89.3,60.9,70.6,8.12,3.6
S0029,5.2,89.4,83.9,75.3,7.81,5.8
S0030,5.3,99.1,81.1,87.4,8.23,0.0
S0031,8.4,100.0,100.0,100.0,9.22,6.6
S0032,3.8,82.4,66.3,73.9,6.74,5.8
S0033,3.6,75.0,72.3,55.9,6.92,6.8
S0034,3.0,80.6,61.5,66.4,6.79,3.9
S0035,5.6,86.9,85.1,92.7,7.69,6.2
S0036,6.5,97.2,99.2,97.6,8.82,0.8
S0037,4.3,92.6,72.8,77.3,8.46,5.6
S0038,3.0,70.9,69.9,59.5,6.24,2.3
S0039,3.0,83.3,57.2,57.5,6.27,0.4
S0040,5.7,98.1,89.8,87.2,8.25,1.5
S0041,5.8,84.4,92.6,94.9,8.11,4.0
S0042,5.5,99.6,91.8,85.9,8.2,2.2
S0043,3.3,84.1,82.7,59.4,6.73,4.8
S0044,4.9,88.4,73.7,75.5,7.04,0.0
S0045,4.7,79.4,65.0,76.8,6.93,0.0
S0046,4.9,79.6,69.5,73.6,7.39,7.0
S0047,6.1,89.6,93.4,91.9,8.25,6.0
S0048,4.9,92.3,84.6,84.7,7.53,1.7
S0049,5.7,83.7,85.1,90.9,7.91,4.0
S0050,4.6,89.7,69.0,89.1,7.6,6.2
S0051,5.0,76.9,83.8,84.7,7.86,4.9
S0052,5.6,90.0,75.4,77.6,8.06,4.3
S0053,1.9,70.2,63.2,44.9,5.84,6.4
S0054,3.9,100.0,98.6,75.2,7.22,2.4
S0055,3.7,67.5,68.6,60.5,6.77,4.1
S0056,3.4,91.3,74.2,59.9,7.12,4.0
S0057,4.0,83.4,68.2,67.8,7.48,3.4
S0058,7.2,100.0,84.1,95.5,9.49,3.1
S0059,2.9,76.7,58.2,56.3,6.64,4.2
S0060,6.2,99.5,83.1,89.8,8.61,4.1
S0061,1.5,65.4,38.3,57.2,5.44,1.7
S0062,3.9,94.5,87.9,75.5,7.79,5.8
S0063,4.8,82.6,79.6,96.6,7.19,1.9
S0064,5.6,100.0,90.2,88.9,8.03,3.5
S0065,5.8,86.9,83.0,82.9,8.18,3.4
S0066,5.9,93.0,86.6,88.1,8.52,4.8
S0067,3.9,71.6,76.0,68.9,6.36,0.0
S0068,3.7,84.1,69.7,72.6,6.9,6.0
S0069,6.0,100.0,94.8,100.0,8.53,2.5
S0070,4.2,82.2,71.3,65.3,6.15,6.7
S0071,2.2,69.5,53.3,61.1,5.71,2.9
S0072,2.5,62.7,44.9,55.7,5.7,3.9
S0073,2.8,73.0,45.6,47.3,6.16,8.2
S0074,5.4,76.0,77.9,85.3,8.27,3.4
S0075,4.8,78.3,76.6,85.4,6.81,6.7
S0076,5.7,94.5,76.8,80.3,7.9,4.1
S0077,3.7,92.3,72.2,72.0,6.0,4.9
S0078,4.8,100.0,82.2,68.2,7.7,4.2
S0079,5.6,86.5,67.0,73.9,7.83,5.9
S0080,3.9,94.6,67.2,82.6,7.11,2.5
S0081,5.3,92.1,86.8,79.7,8.49,1.8
S0082,3.3,76.5,68.6,55.4,6.94,2.6
S0083,3.8,85.0,62.2,72.5,7.08,4.2
S0084,3.8,81.4,71.6,65.2,6.78,3.5
S0085,2.3,73.1,66.1,52.6,6.43,5.6
S0086,5.4,86.6,88.7,88.1,7.88,6.9
S0087,3.7,67.3,64.9,54.7,6.14,1.9
S0088,4.5,71.2,69.0,64.2,6.29,2.4
S0089,5.4,96.1,79.8,86.2,7.92,0.8
S0090,5.3,87.3,86.0,89.6,8.21,8.5
S0091,5.7,86.8,86.4,94.5,9.08,4.7
S0092,4.3,84.0,79.5,68.5,7.3,5.1
S0093,3.7,87.6,72.4,78.2,6.71,1.1
S0094,4.4,85.8,81.7,68.3,6.8,4.0
S0095,1.5,60.9,49.5,60.9,5.46,5.1
S0096,1.9,80.4,62.9,46.2,5.13,3.4
S0097,2.1,84.9,66.3,68.9,6.4,6.4
S0098,2.7,78.7,55.4,55.3,6.67,9.1
S0099,5.2,98.1,69.8,100.0,8.29,1.9
S0100,2.9,86.4,77.3,68.8,6.48,1.8
S0101,3.8,91.1,74.8,64.2,7.44,2.1
S0102,6.8,100.0,82.4,92.6,9.06,7.5
S0103,3.9,86.5,66.2,77.5,6.74,6.3
S0104,5.8,97.6,94.6,97.2,9.23,3.7
S0105,2.8,65.0,57.0,56.7,5.86,4.1
S0106,4.1,89.1,70.3,74.3,7.65,2.2
S0107,2.8,62.5,69.6,62.4,4.85,6.0
S0108,3.9,74.2,60.6,68.8,7.38,3.2
S0109,6.0,100.0,84.0,80.4,9.21,3.4
S0110,1.4,73.9,53.2,43.2,5.51,5.3
S0111,5.3,100.0,88.3,87.4,8.42,3.6
S0112,4.9,85.1,83.0,88.2,7.87,3.5
S0113,3.4,68.2,71.6,75.6,6.12,4.0
S0114,1.9,67.2,54.9,57.6,5.84,5.7
S0115,4.6,86.7,81.2,79.1,7.14,7.6
S0116,3.5,80.0,66.0,73.0,6.5,5.3
S0117,4.9,97.7,82.6,76.9,8.43,5.8
S0118,4.5,82.0,76.4,73.6,7.77,3.6
S0119,7.4,100.0,100.0,94.1,8.95,2.4
S0120,4.1,73.5,76.3,58.9,6.55,5.4
S0121,2.7,78.0,65.8,62.7,5.97,4.4
S0122,4.8,87.0,79.1,79.8,7.94,0.9
S0123,4.9,80.6,71.2,82.4,7.04,3.3
S0124,6.9,97.6,96.8,100.0,9.14,3.8
S0125,6.0,92.4,88.1,90.4,8.69,2.9
S0126,5.1,86.4,82.4,84.9,7.72,7.3
S0127,7.1,100.0,100.0,98.5,9.59,5.1
S0128,2.4,71.3,53.4,59.2,5.8,7.0
S0129,3.3,75.9,69.0,58.6,6.47,4.6
S0130,2.8,56.1,65.7,57.7,5.36,4.2
S0131,3.8,72.7,68.8,72.0,7.18,1.9
S0132,2.0,67.8,73.0,47.0,5.33,4.0
S0133,5.6,85.7,81.2,84.3,8.16,4.0
S0134,4.1,95.0,78.3,70.5,7.4,1.0
S0135,1.9,67.6,46.7,46.9,5.11,2.8
S0136,2.7,85.6,60.5,53.4,6.18,3.3
S0137,5.1,88.9,82.9,90.8,8.4,4.9
S0138,6.0,94.4,95.7,97.6,8.5,5.0
S0139,8.1,100.0,100.0,100.0,9.18,2.7
S0140,9.7,100.0,100.0,100.0,10.0,5.0
S0141,5.2,100.0,84.2,83.8,8.09,3.6
S0142,2.7,53.4,53.0,77.4,7.23,0.0
S0143,0.7,45.0,60.8,35.0,4.52,2.9
S0144,5.0,83.0,82.0,80.3,7.42,6.4
S0145,3.0,76.4,57.8,59.1,7.05,0.3
S0146,3.8,86.7,65.6,73.5,6.22,4.2
S0147,3.4,82.6,60.2,73.4,6.8,7.5
S0148,4.2,80.0,80.5,71.2,8.03,2.3
S0149,6.4,100.0,90.3,100.0,8.71,4.0
S0150,4.8,96.0,81.7,82.6,7.03,1.1
S0151,4.2,84.9,73.5,75.5,7.06,7.6
S0152,2.6,82.5,68.2,53.9,7.01,3.8
S0153,1.5,69.4,44.2,52.4,5.6,4.1
S0154,3.6,74.7,58.7,64.9,6.3,7.0
S0155,4.4,90.7,78.5,71.5,7.17,5.5
S0156,7.7,100.0,100.0,96.6,9.17,2.1
S0157,4.7,86.4,80.7,98.9,7.71,2.6
S0158,6.3,100.0,85.7,90.5,9.29,5.1
S0159,3.6,57.5,68.3,49.0,6.71,2.6
S0160,2.4,59.4,48.7,46.8,5.85,0.0
S0161,2.8,63.9,54.4,56.1,5.36,3.9
S0162,3.2,73.9,56.5,67.0,5.84,0.7
S0163,8.3,100.0,100.0,100.0,10.0,7.6
S0164,3.0,62.6,65.1,63.4,5.45,4.4
S0165,6.0,85.2,91.5,81.2,8.08,2.0
S0166,2.9,67.5,70.2,61.2,6.24,2.5
S0167,6.2,100.0,100.0,85.0,8.13,0.0
S0168,5.2,100.0,70.9,79.9,7.66,1.6
S0169,4.2,79.6,66.8,64.4,7.07,6.2
S0170,4.4,81.3,69.6,64.3,7.49,8.9
S0171,3.3,67.6,56.6,70.2,6.82,5.6
S0172,5.3,72.6,69.9,83.0,7.77,3.8
S0173,3.7,79.0,66.4,75.5,6.85,3.0
S0174,2.3,62.8,45.3,53.2,5.35,1.9
S0175,2.2,70.4,58.9,60.7,5.35,8.5
S0176,4.8,72.5,75.5,59.8,7.01,3.6
S0177,7.3,95.2,100.0,100.0,9.31,8.7
S0178,4.8,88.1,82.8,79.8,7.77,7.1
S0179,4.3,87.0,79.8,79.5,6.38,0.2
S0180,5.0,91.8,78.3,84.2,7.48,2.5
S0181,6.9,87.2,100.0,85.1,9.21,2.5
S0182,4.9,95.1,83.2,69.3,7.88,3.8
S0183,3.8,73.4,53.0,60.9,6.08,3.9
S0184,6.5,100.0,85.7,98.8,9.86,10.6
S0185,5.3,89.5,68.6,87.8,7.89,1.6
S0186,7.3,89.2,96.5,85.6,9.11,4.5
S0187,4.8,84.1,77.1,69.7,7.72,5.4
S0188,2.3,75.1,54.3,50.8,5.83,4.0
S0189,2.0,75.7,72.5,52.0,5.55,4.2
S0190,7.5,100.0,100.0,90.4,10.0,1.7
S0191,7.6,100.0,100.0,90.9,9.83,4.2
S0192,4.2,92.1,68.1,68.6,7.77,5.1
S0193,3.8,78.6,61.6,69.2,7.13,4.7
S0194,7.1,100.0,98.5,89.4,8.68,5.3
S0195,2.5,90.4,64.8,61.8,7.06,7.1
S0196,2.9,93.0,51.9,74.7,6.37,6.1
S0197,5.7,80.9,81.6,72.1,8.02,4.2
S0198,3.8,72.4,68.0,64.9,5.97,1.4
S0199,4.5,98.3,77.5,87.5,6.8,2.7
S0200,4.2,73.7,64.6,66.5,7.1,3.5
S0201,5.1,76.7,73.9,72.7,7.14,4.6
S0202,7.0,95.8,95.0,100.0,8.08,2.9
S0203,4.7,89.8,79.1,75.6,7.84,1.9
S0204,5.7,91.0,90.5,94.4,9.1,1.4
S0205,0.8,57.0,51.8,43.9,5.4,0.4
S0206,4.4,78.4,71.4,70.0,7.06,3.5
S0207,3.0,69.5,57.8,63.7,6.22,0.8
S0208,2.3,63.9,58.9,55.8,6.12,1.8
S0209,2.9,96.1,72.6,75.5,7.35,3.1
S0210,3.9,84.1,68.1,66.4,6.9,1.1
S0211,6.1,100.0,97.6,92.1,8.64,4.8
S0212,2.1,66.3,62.4,52.1,5.82,5.6
S0213,4.6,83.7,86.4,81.0,7.63,2.8
S0214,3.6,73.3,81.2,57.4,6.59,3.0
S0215,3.9,57.6,58.1,71.1,6.34,5.2
S0216,6.3,83.4,88.4,91.7,8.91,2.4
S0217,5.5,74.5,80.2,68.7,8.18,2.3
S0218,6.9,79.2,90.6,100.0,8.71,6.6
S0219,4.2,72.6,65.8,87.5,7.71,5.9
S0220,3.2,89.4,56.4,75.7,6.67,5.3
S0221,4.1,82.2,73.2,83.1,7.84,6.0
S0222,4.9,99.2,76.5,83.5,8.22,0.0
S0223,4.8,90.6,80.3,66.1,9.17,7.0
S0224,2.5,80.3,54.8,45.2,5.72,4.9
S0225,4.7,77.9,66.6,76.5,6.99,6.2
S0226,4.9,92.2,82.5,75.8,7.97,4.9
S0227,9.0,100.0,100.0,100.0,10.0,4.1
S0228,7.9,100.0,100.0,100.0,10.0,3.4
S0229,3.0,80.8,81.7,68.0,6.19,4.8
S0230,4.0,87.0,75.1,60.7,7.58,3.3
S0231,1.9,64.2,56.3,46.6,6.02,5.9
S0232,3.4,68.5,55.8,74.9,6.74,0.5
S0233,5.1,77.8,67.9,68.7,7.07,2.8
S0234,6.7,98.8,100.0,100.0,9.5,8.5
S0235,3.2,80.1,58.2,60.6,7.14,2.6
S0236,3.3,70.8,55.9,67.0,6.69,3.5
S0237,0.6,62.0,42.9,49.5,4.9,2.1
S0238,4.2,88.4,74.1,80.2,7.42,4.7
S0239,2.6,79.1,53.9,67.1,6.21,2.4
S0240,3.5,93.2,69.0,61.8,7.39,3.6
S0241,2.9,87.0,75.3,73.6,6.63,5.9
S0242,4.3,75.0,65.9,64.3,6.67,2.5
S0243,1.3,81.2,41.7,53.5,5.18,5.7
S0244,1.9,64.4,59.9,52.3,5.16,5.8
S0245,8.3,100.0,100.0,100.0,9.86,6.3
S0246,2.2,71.7,51.5,57.4,5.84,4.3
S0247,2.5,69.4,45.6,49.8,6.07,11.1
S0248,7.8,88.6,94.1,89.5,9.42,6.3
S0249,9.7,100.0,100.0,100.0,10.0,4.7
S0250,2.4,58.3,63.9,53.7,6.29,2.1
S0251,3.8,89.7,64.2,81.2,7.04,3.8
S0252,5.1,100.0,83.4,84.0,7.89,7.1
S0253,7.6,96.5,100.0,90.0,9.51,7.8
S0254,2.7,77.1,42.5,68.0,5.44,7.3
S0255,4.1,75.8,78.9,66.5,6.58,5.7
S0256,5.9,87.7,77.0,89.0,8.63,1.2
S0257,5.3,96.7,87.1,79.4,7.31,5.1
S0258,3.8,80.6,72.1,82.4,7.43,1.3
S0259,4.3,99.2,86.5,70.9,8.3,0.7
S0260,2.0,65.8,58.3,49.1,5.46,4.5
S0261,4.1,91.4,55.6,75.1,7.46,5.2
S0262,4.0,83.0,65.9,62.6,7.59,6.0
S0263,4.9,94.7,82.4,84.0,7.64,5.1
S0264,3.5,75.0,64.9,78.1,7.01,5.2
S0265,5.3,89.6,86.9,79.0,7.65,1.8
S0266,6.3,94.9,97.5,94.7,8.37,3.8
S0267,4.8,79.2,81.4,53.7,7.03,0.7
S0268,5.1,94.8,81.2,82.6,8.12,0.0
S0269,4.6,91.4,63.5,75.5,8.12,5.6
S0270,4.5,90.3,73.7,70.5,7.44,2.3
S0271,3.2,91.0,71.7,76.5,6.29,5.9
S0272,5.1,100.0,75.0,81.4,7.57,6.4
S0273,4.3,80.6,78.7,71.4,7.37,2.6
S0274,8.3,100.0,100.0,100.0,10.0,5.3
S0275,7.3,96.4,99.7,83.9,9.32,2.5
S0276,5.2,89.4,57.4,72.7,7.69,0.0
S0277,3.1,71.4,52.8,69.1,6.68,4.3
S0278,2.5,87.6,77.7,44.9,6.31,3.0
S0279,6.6,100.0,90.4,89.2,8.71,3.0
S0280,5.0,85.9,63.7,75.9,7.23,8.3
S0281,5.4,100.0,95.7,100.0,8.85,0.6
S0282,1.4,46.6,44.5,47.4,4.0,4.8
S0283,6.2,76.9,94.5,80.5,8.41,1.8
S0284,5.3,97.1,87.0,95.3,7.91,6.0
S0285,2.5,73.6,62.8,51.7,5.88,4.7
S0286,3.7,82.2,72.3,76.5,7.64,4.8
S0287,5.0,75.9,82.6,65.2,7.09,1.9
S0288,4.6,85.4,95.0,84.8,7.14,2.3
S0289,4.0,99.9,83.8,72.8,7.43,6.0
S0290,4.3,91.3,63.6,67.7,7.64,7.9
S0291,4.0,83.8,76.1,70.0,6.93,5.1
S0292,4.8,82.7,86.5,78.9,6.77,2.0
S0293,7.1,97.3,100.0,94.2,8.69,4.7
S0294,0.5,45.0,35.0,39.0,4.89,9.3
S0295,4.1,84.8,82.3,67.6,7.2,4.2
S0296,4.8,94.5,88.0,85.5,8.0,7.2
S0297,5.0,74.0,97.6,79.5,7.27,2.4
S0298,3.8,75.0,62.8,67.1,6.5,3.9
S0299,1.3,55.6,42.5,40.3,5.77,5.4
S0300,5.1,79.9,76.4,79.3,7.48,4.9
S0301,7.6,100.0,97.6,100.0,9.18,2.3
S0302,1.7,49.7,40.7,61.4,5.56,2.2
S0303,6.1,99.9,68.5,98.6,8.24,6.2
S0304,3.9,88.2,69.2,79.9,6.9,6.6
S0305,4.4,82.1,77.5,98.4,7.26,7.3
S0306,2.6,51.3,50.4,55.8,5.56,8.0
S0307,3.9,72.4,84.1,71.2,6.88,4.3
S0308,6.8,100.0,96.2,100.0,9.92,3.3
S0309,5.5,66.3,89.0,69.3,7.62,7.0
S0310,7.6,100.0,100.0,98.8,8.32,5.6
S0311,6.6,87.1,98.0,87.2,8.69,1.8
S0312,5.3,97.0,86.8,89.9,8.12,1.7
S0313,7.6,97.8,100.0,100.0,9.36,5.1
S0314,5.3,93.4,84.1,84.7,8.12,3.6
S0315,6.0,99.0,93.9,99.0,8.5,3.9
S0316,4.0,98.3,78.5,82.5,7.42,6.4
S0317,4.6,83.9,74.3,74.6,7.7,5.7
S0318,3.2,80.9,69.4,59.8,6.39,6.9
S0319,6.3,82.3,100.0,96.5,7.82,0.0
S0320,2.4,83.0,58.5,65.7,7.6,4.6
S0321,5.9,86.6,89.6,73.2,7.84,5.5
S0322,4.2,77.9,81.9,68.3,7.08,0.6
S0323,6.6,97.4,100.0,95.6,8.12,2.6
S0324,5.9,79.0,84.1,89.6,8.0,2.2
S0325,7.8,100.0,83.6,100.0,9.05,4.0
S0326,5.8,100.0,93.1,91.6,8.25,7.6
S0327,1.7,70.7,35.0,55.4,6.03,8.4
S0328,4.4,70.0,83.2,70.5,7.16,2.2
S0329,2.4,71.2,59.1,50.7,6.2,5.2
S0330,3.6,86.1,77.7,66.9,6.13,5.2
S0331,7.2,84.4,87.7,95.0,9.62,4.9
S0332,5.6,82.2,70.9,82.5,7.38,4.9
S0333,3.2,85.3,69.4,51.4,7.43,4.7
S0334,2.7,76.5,60.8,56.5,6.69,7.7
S0335,4.6,89.1,73.5,77.5,7.78,6.4
S0336,2.3,88.6,62.2,58.5,5.96,1.7
S0337,3.3,82.0,88.9,63.8,6.75,5.8
S0338,5.1,94.3,88.9,86.1,7.7,6.0
S0339,6.6,100.0,100.0,86.2,8.86,4.7
S0340,5.6,89.7,91.6,71.7,7.96,6.5
S0341,0.5,53.8,52.0,35.0,4.0,4.4
S0342,5.0,92.1,80.1,87.6,8.36,4.4
S0343,4.6,89.7,61.7,91.3,7.54,4.3
S0344,5.2,84.7,79.6,86.9,7.55,0.0
S0345,7.4,93.2,100.0,87.0,8.85,3.8
S0346,0.8,83.5,41.9,46.4,5.58,2.5
S0347,3.4,81.6,66.3,68.8,6.35,1.4
S0348,5.6,84.8,77.9,84.4,6.92,7.2
S0349,1.7,76.2,65.9,56.6,5.87,5.1
S0350,7.2,100.0,100.0,91.7,9.38,3.9
S0351,5.2,86.7,86.3,81.2,7.69,2.8
S0352,6.0,99.2,95.2,94.0,8.02,4.7
S0353,3.5,67.2,64.1,69.3,6.45,6.2
S0354,6.0,97.0,90.8,83.1,7.79,2.2
S0355,6.4,100.0,83.7,91.0,8.3,4.0
S0356,4.9,91.7,63.1,58.8,7.44,5.9
S0357,4.9,84.1,79.9,73.2,7.97,0.0
S0358,5.0,83.4,81.6,74.2,7.44,3.9
S0359,2.9,72.0,71.5,52.1,6.05,3.1
S0360,4.2,81.1,85.7,73.6,8.03,3.7
S0361,4.2,80.0,85.4,71.5,7.28,2.9
S0362,5.2,97.4,75.9,66.0,8.21,4.3
S0363,6.3,80.2,84.6,88.6,8.04,8.2
S0364,2.6,81.3,65.6,53.2,6.04,3.3
S0365,4.3,80.2,93.5,76.2,6.17,4.6
S0366,7.2,100.0,100.0,88.8,9.59,8.4
S0367,3.2,66.8,71.0,60.6,6.44,2.8
S0368,3.0,88.1,63.3,63.4,6.62,8.0
S0369,4.9,98.4,74.8,84.5,7.85,4.0
S0370,6.0,100.0,96.7,91.8,8.89,7.9
S0371,4.5,71.5,64.0,69.5,6.36,5.7
S0372,6.9,100.0,94.6,84.8,8.74,4.7
S0373,6.0,97.9,89.1,78.6,8.0,3.9
S0374,6.0,79.6,98.0,80.0,8.84,2.6
S0375,5.5,90.8,81.6,84.2,8.45,4.2
S0376,8.7,100.0,89.6,100.0,8.95,6.0
S0377,4.1,87.8,78.1,78.6,6.59,4.0
S0378,0.9,65.0,40.2,41.2,4.95,3.3
S0379,7.4,100.0,100.0,93.0,9.05,3.4
S0380,3.7,93.3,71.6,69.7,6.57,6.2
S0381,4.7,97.2,78.2,82.3,8.67,6.7
S0382,6.9,73.3,95.9,91.5,8.46,2.5
S0383,1.6,64.8,38.5,63.6,5.6,2.5
S0384,2.2,70.0,52.3,49.3,5.53,4.8
S0385,1.6,51.9,53.0,44.1,5.39,7.4
S0386,3.1,77.3,59.1,66.2,6.28,6.5
S0387,5.3,100.0,72.4,85.4,8.05,1.2
S0388,5.4,80.9,86.9,77.0,8.05,3.4
S0389,5.0,91.0,90.0,68.4,7.07,2.0
S0390,2.0,61.5,52.0,46.0,6.2,3.4
S0391,0.5,55.0,35.0,35.0,4.64,7.5
S0392,4.6,98.9,85.8,66.5,8.36,0.9
S0393,3.7,75.0,54.3,59.9,6.22,0.4
S0394,5.3,94.1,86.5,75.7,7.63,2.2
S0395,5.8,75.7,75.4,86.4,7.29,4.6
S0396,4.7,100.0,72.2,86.5,8.01,5.4
S0397,5.9,98.6,85.5,82.1,8.47,5.0
S0398,4.9,85.8,77.6,76.5,7.42,6.6
S0399,5.5,95.9,80.3,70.7,7.7,0.1
S0400,3.2,64.7,66.8,56.2,5.65,6.6
S0401,4.2,93.7,72.3,78.9,7.42,3.3
S0402,4.9,84.2,86.1,84.3,7.34,5.6
S0403,6.0,92.0,90.3,82.4,8.03,1.1
S0404,3.8,76.3,63.3,76.1,7.5,4.0
S0405,5.4,85.4,75.7,70.1,7.85,4.5
S0406,4.0,88.4,60.3,63.0,7.8,6.5
S0407,4.3,86.0,77.1,79.9,7.07,0.5
S0408,6.0,99.8,87.3,100.0,8.65,4.1
S0409,0.9,63.4,35.0,47.0,4.96,1.6
S0410,2.2,75.6,53.0,55.5,5.18,5.1
S0411,1.8,65.2,45.2,35.0,6.15,5.7
S0412,0.5,81.1,59.6,35.0,5.15,6.8
S0413,3.3,63.6,48.5,61.2,6.56,2.8
S0414,5.8,100.0,77.7,86.7,8.13,6.0
S0415,4.0,94.2,83.6,65.6,7.28,7.0
S0416,4.9,79.5,88.0,76.8,7.05,0.4
S0417,6.5,100.0,87.5,94.9,9.34,5.3
S0418,6.9,100.0,91.4,100.0,9.15,6.1
S0419,4.4,93.0,82.1,78.0,7.69,3.4
S0420,6.9,99.9,78.2,100.0,9.64,1.3
S0421,4.7,84.0,62.0,76.4,7.97,6.1
S0422,3.0,74.1,60.5,60.3,6.68,1.4
S0423,3.4,82.1,80.2,75.3,6.12,3.6
S0424,1.8,81.6,53.0,47.4,5.61,3.9
S0425,2.9,77.0,63.6,84.0,5.91,5.6
S0426,3.9,72.9,77.5,70.1,7.08,2.6
S0427,5.9,100.0,100.0,93.4,8.59,2.5
S0428,7.6,100.0,96.8,100.0,8.75,4.2
S0429,2.0,76.0,56.2,69.8,5.79,6.2
S0430,5.2,96.0,98.3,90.1,7.36,9.0
S0431,2.6,71.3,47.3,45.0,6.05,0.7
S0432,5.4,81.8,89.4,91.8,7.01,4.7
S0433,4.3,75.8,63.9,68.2,7.27,1.6
S0434,1.2,50.5,45.1,42.2,4.98,6.2
S0435,6.2,97.2,88.8,80.8,9.42,1.9
S0436,3.4,77.7,58.9,69.6,7.02,2.5
S0437,3.5,75.3,59.0,60.4,6.46,2.7
S0438,2.6,46.8,55.2,50.9,5.8,3.8
S0439,3.3,66.7,71.1,59.2,5.69,4.7
S0440,5.3,99.7,84.0,100.0,7.73,5.1
S0441,4.2,77.0,72.2,86.4,7.16,4.0
S0442,5.1,91.8,86.4,82.1,6.9,1.1
S0443,5.2,76.4,70.6,78.0,7.5,5.6
S0444,6.9,100.0,100.0,94.0,8.54,3.9
S0445,3.9,80.0,77.0,78.3,6.99,6.6
S0446,1.8,71.7,74.9,49.6,5.19,2.4
S0447,6.4,100.0,90.2,90.4,8.95,0.5
S0448,3.9,95.1,70.7,82.0,7.34,3.9
S0449,6.5,94.3,98.5,88.3,9.3,6.9
S0450,5.2,83.8,87.1,79.7,7.72,4.4
S0451,4.3,80.7,69.0,59.7,6.81,3.6
S0452,5.1,93.4,79.3,88.1,7.81,2.1
S0453,8.0,100.0,100.0,100.0,8.99,7.9
S0454,8.2,100.0,99.3,100.0,9.89,1.7
S0455,4.6,99.0,77.1,92.2,8.07,2.4
S0456,4.8,85.7,78.9,70.9,8.67,5.3
S0457,6.4,100.0,100.0,95.7,8.49,0.0
S0458,3.0,76.7,58.4,54.4,6.27,6.8
S0459,5.1,100.0,69.2,82.4,7.82,5.4
S0460,4.5,87.9,61.1,82.1,7.53,6.0
S0461,5.1,97.1,72.9,83.9,8.16,5.2
S0462,3.0,69.5,51.1,48.6,6.2,3.6
S0463,1.6,60.1,48.5,36.8,5.77,1.7
S0464,0.8,66.7,35.8,35.0,4.72,3.7
S0465,2.5,81.8,55.5,63.9,6.71,1.9
S0466,3.7,80.4,62.9,84.6,7.09,5.1
S0467,4.0,70.3,65.1,78.1,6.74,5.8
S0468,8.0,93.7,100.0,87.9,9.28,7.2
S0469,6.5,84.1,95.0,100.0,9.49,4.8
S0470,2.8,58.7,57.4,62.5,5.46,6.0
S0471,5.1,89.7,77.9,69.0,7.97,3.3
S0472,3.8,90.7,68.8,69.4,6.81,2.9
S0473,4.0,81.8,74.2,79.5,7.85,5.0
S0474,4.8,66.7,78.4,76.7,7.5,3.1
S0475,5.6,90.0,77.8,74.4,7.79,4.6
S0476,3.9,79.9,70.7,74.4,7.17,1.7
S0477,6.4,100.0,76.9,76.6,8.88,2.1
S0478,2.4,59.6,56.9,51.2,5.45,5.4
S0479,4.5,81.6,81.3,83.6,7.65,6.0
S0480,9.2,100.0,100.0,100.0,10.0,1.8
S0481,4.9,91.5,95.0,76.2,7.86,5.5
S0482,7.1,100.0,90.8,100.0,9.09,2.8
S0483,4.7,87.0,79.4,85.0,7.72,4.0
S0484,5.5,94.2,85.3,96.2,8.27,7.1
S0485,4.4,91.4,76.1,83.6,7.52,5.8
S0486,4.2,75.9,70.7,79.1,6.71,5.8
S0487,3.1,84.5,66.9,71.0,7.41,8.2
S0488,5.3,77.3,86.3,80.8,7.13,2.5
S0489,3.0,78.8,74.7,63.2,6.63,1.8
S0490,5.7,93.8,86.6,84.8,8.09,2.4
S0491,6.5,91.2,97.7,81.6,9.35,3.4
S0492,5.2,88.8,75.9,73.6,7.42,0.0
S0493,4.0,76.3,76.3,66.8,6.57,3.5
S0494,5.3,80.3,74.4,81.8,7.26,2.8
S0495,3.9,78.5,79.2,81.0,7.08,5.7
S0496,6.2,85.2,100.0,87.2,7.65,4.8
S0497,1.2,68.1,47.7,54.6,5.04,2.7
S0498,3.9,71.0,50.7,75.5,5.76,5.3
S0499,0.9,69.9,42.8,43.2,5.26,5.6
S0500,1.8,58.2,60.3,52.7,5.1,2.3
S0501,7.0,94.6,100.0,94.0,8.24,2.9
S0502,6.1,89.0,90.3,98.8,8.82,0.0
S0503,3.2,89.2,76.0,72.4,6.23,1.6
S0504,1.8,71.7,57.6,42.4,6.01,2.4
S0505,0.5,59.1,51.3,40.1,4.35,4.2
S0506,3.5,83.6,76.2,81.1,7.57,1.9
S0507,8.9,92.2,100.0,100.0,10.0,2.9
S0508,5.3,89.3,85.4,85.9,7.45,1.3
S0509,3.5,96.9,79.2,76.1,6.75,4.4
S0510,5.3,91.2,81.0,75.0,8.25,4.9
S0511,1.7,68.8,47.5,54.4,5.4,4.9
S0512,4.0,86.7,86.3,60.9,7.08,4.0
S0513,4.7,94.1,81.3,74.4,8.28,0.6
S0514,4.3,66.1,76.6,77.2,6.5,2.6
S0515,5.9,78.4,85.3,86.5,8.01,3.1
S0516,5.1,90.6,77.1,79.1,8.28,3.1
S0517,5.7,85.8,84.7,87.9,8.4,4.2
S0518,3.3,89.4,79.9,67.3,6.78,7.1
S0519,6.1,91.9,93.5,89.2,8.27,5.8
S0520,7.4,85.2,82.9,100.0,8.14,1.8
S0521,2.8,63.1,56.6,50.4,5.46,5.5
S0522,2.9,50.7,70.5,53.9,5.84,5.4
S0523,6.9,97.3,94.2,93.9,8.89,2.2
S0524,4.2,81.2,58.2,59.1,7.15,5.9
S0525,7.0,96.3,100.0,89.6,9.46,3.6
S0526,3.7,89.9,77.1,83.7,6.56,0.9
S0527,7.1,100.0,97.5,100.0,9.02,5.0
S0528,4.7,84.9,74.7,66.5,7.6,4.5
S0529,5.0,68.6,83.8,61.5,6.9,3.5
S0530,7.3,100.0,95.1,99.3,9.87,3.9
S0531,3.8,86.1,80.9,83.5,7.49,2.4
S0532,2.8,77.6,66.6,59.5,6.46,5.3
S0533,3.7,89.0,73.3,81.2,7.88,3.9
S0534,5.3,79.4,81.5,82.4,7.0,4.4
S0535,1.7,86.2,55.2,59.2,5.95,4.8
S0536,5.6,83.2,92.0,72.5,8.11,1.5
S0537,3.5,85.9,62.5,76.2,6.5,2.0
S0538,6.6,82.2,76.8,86.8,8.53,0.0
S0539,0.5,52.6,44.8,43.8,4.0,5.2
S0540,3.1,90.2,72.4,60.2,7.09,1.3
S0541,1.5,64.4,53.5,48.8,5.77,4.3
S0542,3.0,83.6,68.5,67.1,6.71,4.8
S0543,4.9,89.8,77.8,78.8,6.91,5.3
S0544,4.2,82.1,79.3,75.4,6.72,1.4
S0545,4.0,94.5,74.8,72.8,7.65,3.9
S0546,4.2,81.2,69.1,67.0,7.15,7.7
S0547,4.9,71.2,72.6,86.7,6.02,7.8
S0548,2.7,66.9,74.9,65.3,6.55,6.2
S0549,5.8,97.6,74.2,82.3,8.43,4.7
S0550,5.7,95.7,91.0,91.8,7.91,1.8
S0551,5.2,75.1,64.9,71.5,7.95,5.6
S0552,5.5,84.5,82.0,73.0,7.59,3.7
S0553,5.0,83.0,75.8,86.9,7.31,5.2
S0554,8.2,100.0,88.7,92.6,9.83,2.6
S0555,4.3,71.7,74.7,77.7,7.78,3.6
S0556,3.9,76.0,66.8,66.7,7.61,4.4
S0557,3.1,70.3,46.0,59.5,6.48,4.5
S0558,2.6,80.8,68.7,64.0,6.53,5.1
S0559,2.3,78.8,70.3,62.1,6.43,2.7
S0560,2.9,74.1,74.0,54.0,5.72,1.0
S0561,4.4,80.7,76.9,78.9,7.51,7.6
S0562,5.1,89.9,81.8,82.1,7.49,9.5
S0563,4.6,78.2,85.6,64.0,7.41,5.0
S0564,3.1,66.4,75.2,58.5,6.11,1.1
S0565,6.1,86.3,96.7,98.5,8.49,2.3
S0566,5.8,87.3,78.4,99.1,8.19,5.1
S0567,4.2,72.8,72.6,75.4,5.55,7.0
S0568,3.3,79.4,69.9,55.7,6.72,1.3
S0569,5.5,97.5,71.6,90.2,8.5,3.7
S0570,4.8,72.7,79.1,81.0,7.46,4.4
S0571,1.9,69.6,72.1,57.8,5.6,5.9
S0572,4.4,82.3,79.6,80.0,8.0,3.2
S0573,5.0,90.9,92.6,83.5,7.92,0.6
S0574,2.9,75.2,63.7,60.2,6.5,5.4
S0575,4.8,74.0,75.0,69.7,7.76,6.5
S0576,1.9,57.9,54.0,35.0,5.51,3.8
S0577,6.9,99.7,90.0,99.8,8.6,4.9
S0578,6.7,100.0,87.8,97.6,7.84,3.0
S0579,4.0,62.3,77.3,69.8,6.37,2.1
S0580,5.2,92.0,93.3,71.5,8.25,6.3
S0581,0.5,71.7,36.7,47.8,4.82,4.9
S0582,2.4,71.1,65.7,72.7,6.32,5.1
S0583,4.0,86.8,72.0,72.8,7.23,7.3
S0584,2.6,67.1,60.7,55.6,6.52,1.7
S0585,5.8,91.6,90.3,89.1,8.09,2.8
S0586,8.1,92.0,100.0,100.0,9.64,4.3
S0587,2.4,51.2,53.4,41.8,5.67,2.8
S0588,3.0,84.4,76.6,66.0,7.27,5.7
S0589,4.9,78.7,79.9,70.2,6.68,3.6
S0590,7.4,98.3,100.0,95.9,9.02,1.8
S0591,2.3,59.3,47.5,51.5,5.99,4.1
S0592,4.9,75.0,93.9,86.4,8.07,4.4
S0593,7.8,100.0,100.0,100.0,9.58,6.1
S0594,1.5,60.6,54.8,50.3,5.1,4.9
S0595,2.2,74.6,44.4,52.7,6.27,5.0
S0596,3.7,84.5,64.0,89.7,7.37,4.7
S0597,3.6,82.3,78.7,64.4,6.67,3.6
S0598,6.0,95.9,91.3,84.6,8.57,2.4
S0599,4.9,100.0,67.5,68.8,8.52,4.6
S0600,1.3,56.2,54.7,54.9,5.86,3.3
S0601,5.4,90.1,79.4,91.3,8.33,7.7
S0602,3.5,89.0,81.0,88.4,6.97,7.0
S0603,6.8,100.0,95.1,85.3,8.93,5.4
S0604,3.4,65.4,64.8,73.1,6.56,4.8
S0605,3.4,75.3,75.0,64.8,6.5,3.8
S0606,5.5,100.0,79.4,93.4,8.36,1.2
S0607,5.9,97.8,80.9,75.9,7.95,3.5
S0608,5.3,91.6,81.7,94.9,8.56,4.2
S0609,1.5,64.8,56.3,53.8,4.8,4.5
S0610,5.5,87.4,72.7,82.8,7.76,5.0
S0611,2.6,76.4,47.5,64.6,6.25,6.0
S0612,4.9,85.3,85.6,72.4,8.51,2.5
S0613,1.9,69.2,49.3,47.6,5.47,2.5
S0614,5.3,90.5,79.9,79.1,7.65,7.2
S0615,3.0,70.2,47.3,45.7,6.02,5.7
S0616,2.2,75.9,52.1,63.0,6.71,3.1
S0617,5.8,100.0,88.7,98.7,7.17,3.8
S0618,4.9,71.6,83.1,68.9,6.83,3.8
S0619,3.4,81.3,61.2,69.1,7.95,4.1
S0620,7.1,93.8,100.0,94.7,9.23,5.0
S0621,3.7,85.4,65.1,72.4,6.49,9.6
S0622,4.6,85.8,71.1,71.0,7.42,4.4
S0623,5.0,94.8,94.1,74.7,7.92,5.5
S0624,3.4,88.9,70.9,77.0,7.29,0.3
S0625,5.3,91.8,79.2,83.0,8.83,2.9
S0626,3.5,89.4,69.1,86.0,7.18,6.7
S0627,3.8,59.5,75.3,62.8,6.12,4.9
S0628,7.0,100.0,100.0,90.2,9.39,0.0
S0629,2.6,77.1,54.4,69.4,5.91,5.5
S0630,0.5,70.7,44.1,47.4,4.49,8.2
S0631,7.4,91.4,98.6,100.0,8.27,0.0
S0632,9.1,100.0,100.0,100.0,9.45,7.3
S0633,3.8,81.9,69.7,64.0,6.53,0.0
S0634,1.0,63.9,46.4,43.0,4.52,6.1
S0635,3.9,84.2,81.0,69.8,7.22,4.0
S0636,4.0,91.7,83.7,63.4,6.75,0.0
S0637,4.2,67.1,66.5,65.4,5.35,5.0
S0638,2.5,81.7,59.4,70.7,5.8,6.5
S0639,5.5,91.3,90.2,86.7,7.88,4.8
S0640,5.4,88.8,78.9,72.6,7.7,5.3
S0641,1.8,55.6,54.5,35.0,5.94,3.1
S0642,5.8,97.1,87.1,100.0,8.07,0.0
S0643,8.2,85.4,94.2,100.0,9.72,5.5
S0644,4.8,92.7,72.4,74.8,7.73,7.8
S0645,3.9,67.9,79.1,63.7,6.63,6.5
S0646,4.2,83.9,72.7,61.4,6.85,0.0
S0647,5.6,90.6,98.3,96.4,8.08,0.7
S0648,1.4,76.8,48.0,47.4,5.22,2.1
S0649,4.8,85.2,80.4,88.5,7.62,0.5
S0650,3.8,74.5,87.6,67.6,6.66,4.1
S0651,7.8,100.0,94.6,100.0,9.07,4.9
S0652,4.2,94.6,61.0,78.1,7.91,0.9
S0653,7.5,100.0,100.0,100.0,9.52,5.7
S0654,2.5,69.6,51.6,62.2,5.77,5.3
S0655,5.6,89.2,84.3,89.3,8.11,2.8
S0656,5.1,74.3,72.7,79.1,7.38,3.6
S0657,2.9,79.1,65.7,60.5,6.04,0.0
S0658,4.8,71.1,67.2,88.8,7.24,3.3
S0659,6.7,100.0,93.6,88.4,8.62,4.0
S0660,3.9,82.7,74.9,70.5,6.6,4.4
S0661,1.5,88.2,47.4,54.6,5.16,4.8
S0662,4.5,74.9,67.7,75.4,6.96,4.5
S0663,2.9,74.3,59.2,57.1,6.53,3.4
S0664,3.9,97.5,63.4,77.2,7.07,4.6
S0665,4.4,94.8,74.1,75.9,8.69,6.2
S0666,1.4,60.3,49.3,35.0,5.57,3.8
S0667,1.6,69.6,48.6,49.9,6.08,4.7
S0668,5.4,90.2,81.2,74.4,8.33,3.6
S0669,3.6,81.9,68.5,53.8,7.66,2.6
S0670,0.5,54.7,35.2,38.6,4.2,5.2
S0671,5.9,92.7,93.3,91.8,7.16,2.8
S0672,5.0,73.6,88.1,79.7,7.16,4.8
S0673,3.2,78.5,61.7,68.7,6.81,4.1
S0674,2.1,74.8,60.7,39.8,5.97,3.3
S0675,6.0,92.0,86.4,77.4,8.47,3.3
S0676,5.1,74.2,80.6,92.5,8.04,2.9
S0677,8.8,100.0,100.0,100.0,10.0,0.4
S0678,5.3,92.8,87.3,88.1,8.34,4.8
S0679,5.2,82.7,66.1,74.2,7.27,4.5
S0680,4.2,80.7,76.4,72.6,6.63,5.9
S0681,6.0,80.3,95.0,79.5,8.76,2.8
S0682,5.6,82.5,81.5,87.3,7.96,8.2
S0683,6.8,93.7,100.0,95.3,8.5,3.2
S0684,3.6,90.4,65.3,66.7,6.76,2.1
S0685,3.7,74.5,56.0,58.2,6.43,1.8
S0686,3.6,85.6,71.2,71.5,6.64,0.2
S0687,5.9,88.7,72.8,77.1,7.65,7.4
S0688,7.2,100.0,96.7,100.0,8.49,7.0
S0689,3.7,78.8,79.0,88.6,6.72,5.3
S0690,3.7,88.3,56.2,81.7,6.81,2.0
S0691,5.1,83.6,69.4,84.8,8.15,8.0
S0692,4.1,68.2,60.4,66.5,6.87,3.2
S0693,6.2,82.8,87.0,71.6,8.35,3.4
S0694,0.5,56.2,37.9,35.0,4.26,7.2
S0695,3.0,64.8,71.7,68.9,6.06,5.4
S0696,3.1,80.2,72.6,57.5,6.7,8.8
S0697,0.5,56.8,44.9,35.0,4.93,4.5
S0698,2.8,96.0,67.8,64.9,6.72,3.1
S0699,2.9,59.5,61.2,47.4,6.38,2.7
S0700,4.1,84.7,66.5,62.9,7.2,0.0
S0701,6.5,86.9,97.3,90.0,8.84,3.4
S0702,4.1,77.9,62.2,63.0,6.76,6.5
S0703,2.6,75.1,67.2,53.2,5.36,5.3
S0704,4.4,63.5,79.4,61.9,6.92,4.0
S0705,6.4,98.5,94.3,97.2,9.03,1.8
S0706,2.7,91.6,63.9,62.9,6.9,4.5
S0707,2.9,71.1,64.3,58.0,6.38,6.2
S0708,5.5,93.4,62.2,89.9,7.97,4.9
S0709,4.1,91.8,77.3,73.4,6.99,4.4
S0710,5.7,90.5,84.6,83.2,8.38,2.2
S0711,4.5,79.6,74.1,77.4,7.43,5.9
S0712,5.8,72.1,87.3,86.0,7.47,0.0
S0713,2.6,79.6,61.0,59.2,6.79,4.8
S0714,4.5,83.9,66.4,75.5,6.95,9.7
S0715,4.1,73.6,69.4,63.0,6.65,0.7
S0716,2.3,73.0,58.2,49.2,6.69,3.5
S0717,1.7,62.9,51.7,54.6,5.76,4.0
S0718,5.7,87.7,86.6,88.6,7.94,3.0
S0719,3.9,86.7,80.3,75.0,7.23,6.3
S0720,2.7,61.9,48.7,57.5,5.93,5.0
S0721,4.3,93.4,78.3,77.0,6.27,4.3
S0722,6.5,84.6,100.0,95.5,8.03,5.8
S0723,0.5,55.0,35.0,45.1,4.54,4.0
S0724,1.8,86.1,58.9,63.6,5.86,11.0
S0725,2.8,85.2,59.7,62.7,6.64,4.3
S0726,7.1,100.0,95.2,100.0,9.64,4.4
S0727,5.0,79.6,71.0,79.3,7.37,0.2
S0728,5.9,88.5,85.2,91.5,7.72,2.8
S0729,2.4,73.3,73.5,59.4,6.18,6.5
S0730,2.5,73.2,48.8,59.3,5.9,1.1
S0731,5.3,89.0,73.3,76.5,7.84,0.0
S0732,4.6,85.4,66.4,81.9,7.32,4.1
S0733,5.5,89.0,97.7,100.0,9.01,7.0
S0734,4.2,70.0,66.2,65.5,5.83,4.1
S0735,5.0,83.4,78.9,79.1,7.43,3.3
S0736,4.8,94.9,77.3,76.9,7.78,0.0
S0737,5.9,81.1,77.3,80.4,7.67,5.0
S0738,6.0,92.0,86.0,100.0,8.73,5.5
S0739,1.6,60.1,69.0,41.6,5.62,0.1
S0740,0.5,62.0,53.4,35.9,4.71,6.5
S0741,6.3,92.3,83.6,77.9,8.39,5.7
S0742,6.6,100.0,99.9,89.2,8.83,6.5
S0743,2.7,78.5,54.9,46.6,6.23,5.3
S0744,1.2,53.1,35.0,46.8,4.82,5.4
S0745,4.7,92.1,87.2,100.0,7.58,5.1
S0746,6.2,88.1,97.8,85.5,8.45,5.9
S0747,7.7,99.2,100.0,89.6,9.77,0.0
S0748,5.4,93.4,80.8,91.8,7.53,0.7
S0749,3.8,76.6,67.9,62.2,6.36,2.4
S0750,2.9,83.4,70.3,73.7,5.73,3.7
S0751,4.5,78.2,77.6,71.2,7.62,4.9
S0752,4.0,76.2,66.9,63.8,7.0,4.7
S0753,2.7,68.1,46.0,55.8,6.25,6.5
S0754,8.2,100.0,100.0,100.0,9.04,6.5
S0755,7.7,100.0,100.0,100.0,10.0,2.1
S0756,6.5,100.0,84.5,90.6,8.55,4.5
S0757,2.8,90.4,70.9,63.5,6.74,2.1
S0758,6.0,100.0,93.2,80.8,8.95,3.6
S0759,5.7,82.6,89.5,86.2,7.49,4.7
S0760,5.3,90.4,89.9,68.5,7.69,0.0
S0761,6.7,87.9,86.9,88.9,8.71,9.3
S0762,5.6,84.9,71.0,89.7,9.27,5.2
S0763,5.8,87.3,81.6,88.1,8.28,2.7
S0764,5.6,82.4,90.5,87.6,8.64,8.2
S0765,5.1,79.2,74.5,77.6,8.11,3.2
S0766,1.3,64.4,42.8,55.5,5.37,4.3
S0767,4.7,75.0,60.0,80.9,6.77,2.9
S0768,3.5,86.6,83.4,72.2,7.39,7.6
S0769,2.2,62.9,61.0,59.6,4.97,3.8
S0770,7.5,100.0,100.0,100.0,10.0,4.3
S0771,7.6,99.6,100.0,98.7,9.46,6.6
S0772,6.9,100.0,100.0,86.8,7.84,5.3
S0773,5.0,76.1,75.0,79.4,7.25,3.9
S0774,6.9,100.0,95.5,100.0,9.32,6.4
S0775,4.5,95.2,75.3,87.3,7.55,9.6
S0776,4.9,89.9,100.0,72.0,8.02,4.7
S0777,2.5,61.1,60.7,46.8,5.39,4.3
S0778,5.2,91.2,78.8,86.1,7.33,4.4
S0779,4.6,75.6,78.1,72.8,7.18,6.9
S0780,2.2,84.1,51.3,43.2,6.16,2.7
S0781,4.4,91.7,89.1,79.8,7.35,3.4
S0782,4.4,85.0,69.7,59.5,7.87,0.6
S0783,7.7,82.5,100.0,90.4,8.63,1.4
S0784,6.1,85.8,96.0,98.0,8.39,2.9
S0785,4.5,91.3,80.8,92.0,7.59,3.9
S0786,4.9,98.6,83.3,73.0,7.26,7.9
S0787,4.6,95.5,79.3,76.5,7.1,5.2
S0788,4.1,68.5,68.9,68.2,6.79,2.0
S0789,2.6,76.0,55.5,72.9,7.04,2.4
S0790,4.2,92.5,72.4,71.8,7.7,7.0
S0791,3.2,62.0,72.7,55.0,5.34,6.5
S0792,2.2,71.4,56.0,67.5,4.48,4.1
S0793,5.4,93.0,78.2,81.4,8.4,3.0
S0794,5.2,86.5,77.2,86.7,7.75,6.5
S0795,1.3,49.0,53.3,35.0,5.33,1.8
S0796,4.3,80.7,78.8,71.2,6.77,4.9
S0797,6.3,92.8,95.0,77.4,8.67,9.0
S0798,6.4,95.1,89.8,83.7,9.01,4.5
S0799,6.3,91.0,95.0,97.2,8.3,2.3
S0800,4.6,81.4,70.5,74.4,7.15,4.9
S0801,3.0,75.5,60.9,59.1,6.37,3.0
S0802,2.5,77.3,68.2,53.0,6.43,0.9
S0803,5.1,86.0,87.6,78.4,7.73,5.5
S0804,5.2,85.4,73.0,82.8,8.19,6.5
S0805,6.8,99.7,89.1,100.0,8.76,3.3
S0806,6.5,79.6,89.4,67.0,7.69,3.2
S0807,4.3,87.9,88.9,67.9,8.23,1.9
S0808,2.3,71.6,41.6,56.5,5.62,3.7
S0809,3.9,81.9,73.4,69.5,6.76,2.8
S0810,4.9,96.0,70.5,84.7,7.84,1.8
S0811,4.1,65.2,63.4,69.0,6.74,8.2
S0812,3.5,61.0,59.8,58.3,6.07,5.0
S0813,5.0,90.2,77.1,76.0,7.75,5.3
S0814,3.6,79.5,64.0,65.3,6.76,5.9
S0815,3.4,79.7,66.8,74.9,6.75,5.7
S0816,5.1,84.2,75.4,73.3,6.6,3.1
S0817,3.8,86.6,59.6,70.2,7.9,4.6
S0818,4.9,96.0,88.1,83.3,7.83,3.4
S0819,5.0,92.3,87.3,93.6,8.09,5.0
S0820,2.4,70.3,64.7,53.8,5.34,4.8
S0821,3.6,60.8,51.6,69.6,6.12,3.2
S0822,7.1,100.0,100.0,100.0,8.81,1.1
S0823,2.4,83.4,66.4,59.4,6.92,4.3
S0824,0.7,67.9,36.8,41.2,4.72,3.6
S0825,1.1,57.0,45.6,40.2,5.29,0.0
S0826,4.6,91.4,77.0,75.6,7.28,5.1
S0827,4.6,93.1,93.1,85.1,7.42,6.1
S0828,4.3,97.8,93.1,79.6,7.49,9.6
S0829,6.7,90.2,79.3,94.6,9.23,3.1
S0830,0.5,59.0,61.4,35.0,4.0,2.8
S0831,5.2,96.0,76.4,76.1,7.44,1.6
S0832,7.3,100.0,100.0,100.0,8.35,4.5
S0833,2.5,62.8,64.0,52.7,5.29,4.4
S0834,3.8,84.6,63.2,64.2,6.66,2.2
S0835,3.1,82.1,69.7,76.2,5.89,3.6
S0836,2.9,76.1,61.7,63.4,6.0,0.0
S0837,3.9,83.5,75.9,75.3,6.14,6.0
S0838,7.1,98.1,99.1,96.7,8.6,2.3
S0839,7.8,100.0,100.0,100.0,10.0,3.9
S0840,3.9,73.3,69.4,66.2,6.96,0.9
S0841,7.9,100.0,100.0,93.5,9.63,2.7
S0842,4.6,85.5,85.3,75.3,6.98,3.4
S0843,7.7,100.0,100.0,100.0,8.72,4.0
S0844,4.3,70.5,77.1,84.6,6.43,5.1
S0845,4.7,74.6,69.7,74.7,7.23,7.2
S0846,5.2,70.6,68.6,57.1,7.76,5.6
S0847,10.0,100.0,100.0,100.0,10.0,6.1
S0848,6.0,84.1,81.5,100.0,8.45,7.2
S0849,3.2,73.9,70.6,69.8,6.12,5.3
S0850,6.2,100.0,99.8,86.0,8.68,3.9
S0851,3.8,75.3,67.8,72.5,6.66,6.2
S0852,3.6,81.8,80.5,62.2,6.76,6.4
S0853,6.1,92.1,100.0,78.5,9.34,5.4
S0854,4.6,91.4,79.9,74.9,6.79,0.8
S0855,5.0,92.3,74.8,81.9,7.73,2.1
S0856,4.5,78.9,87.3,58.8,7.8,3.4
S0857,5.1,87.1,80.3,71.2,7.1,5.7
S0858,5.3,99.0,85.9,85.2,7.85,4.0
S0859,1.0,67.6,44.5,41.8,4.9,6.5
S0860,5.7,79.6,75.9,85.6,7.78,6.9
S0861,2.7,80.3,50.7,51.5,5.64,6.6
S0862,1.9,59.7,56.6,54.8,5.67,6.7
S0863,4.4,97.1,72.0,68.8,7.94,1.7
S0864,4.7,95.1,100.0,92.7,7.95,5.1
S0865,3.3,80.1,57.4,51.2,6.23,2.7
S0866,6.0,95.4,79.0,80.5,8.47,0.4
S0867,2.1,68.6,59.1,56.4,5.32,3.4
S0868,3.8,86.7,83.5,84.0,6.9,6.9
S0869,3.4,75.3,66.7,67.4,7.57,5.0
S0870,4.4,86.6,80.4,79.8,7.43,8.4
S0871,5.0,95.9,67.5,82.4,7.39,4.4
S0872,2.7,69.1,53.9,49.3,6.13,9.4
S0873,5.8,87.3,77.1,81.5,7.52,4.4
S0874,4.6,74.9,59.1,63.5,6.66,4.0
S0875,1.1,55.0,45.6,35.0,4.4,1.2
S0876,1.0,47.4,35.0,41.9,4.42,6.4
S0877,4.5,91.4,66.9,68.2,7.96,2.9
S0878,4.1,98.9,72.4,79.3,7.79,2.6
S0879,4.3,96.7,71.0,67.2,7.82,6.8
S0880,4.4,70.1,75.1,72.9,6.5,6.5
S0881,4.9,94.0,83.5,77.1,7.58,6.5
S0882,6.2,100.0,98.8,100.0,8.77,3.2
S0883,2.5,68.9,64.0,58.8,5.66,3.9
S0884,2.4,73.3,67.4,66.6,5.87,3.9
S0885,2.5,55.1,54.7,46.2,5.82,5.7
S0886,5.0,90.5,83.4,81.2,7.64,7.4
S0887,6.7,88.9,96.7,84.8,8.75,4.8
S0888,3.7,82.1,71.0,65.6,7.63,8.3
S0889,0.5,46.9,35.3,35.0,4.28,6.0
S0890,1.4,71.5,48.5,43.5,5.99,3.5
S0891,3.0,85.2,59.0,54.9,6.87,5.8
S0892,3.5,71.9,69.1,52.9,5.88,7.8
S0893,3.8,70.4,66.4,47.0,6.15,8.4
S0894,4.6,66.0,66.4,61.8,6.58,6.6
S0895,3.9,79.2,65.3,74.7,6.57,4.1
S0896,6.4,91.1,81.1,78.0,8.48,3.5
S0897,3.3,63.7,70.0,49.3,6.5,5.3
S0898,2.9,79.8,64.5,77.0,7.02,7.7
S0899,5.4,86.1,75.4,76.9,8.0,5.0
S0900,1.7,58.7,56.6,50.2,5.1,5.0
S0901,5.2,84.2,76.2,85.4,6.8,4.1
S0902,4.7,95.7,68.7,85.3,7.79,3.3
S0903,4.2,88.8,83.3,62.5,7.36,3.6
S0904,7.4,100.0,95.5,98.6,9.33,4.3
S0905,3.4,83.9,64.6,54.0,7.73,7.8
S0906,8.2,96.8,100.0,100.0,10.0,3.5
S0907,4.1,82.9,81.8,59.1,7.48,4.1
S0908,2.2,72.5,57.0,46.7,5.45,2.1
S0909,4.6,81.5,66.4,66.9,7.14,5.6
S0910,2.6,77.3,64.9,47.2,6.15,7.0
S0911,3.1,69.9,58.9,71.9,5.96,7.6
S0912,5.2,93.9,98.3,100.0,8.21,4.4
S0913,5.5,96.0,85.7,82.1,8.34,5.3
S0914,3.4,52.0,42.0,46.9,5.49,3.7
S0915,6.3,100.0,95.1,74.8,9.23,5.2
S0916,6.6,70.1,100.0,84.0,8.15,4.7
S0917,7.1,95.0,100.0,94.5,8.21,4.1
S0918,5.5,99.9,100.0,81.5,8.24,4.3
S0919,7.0,96.9,88.0,98.4,9.09,5.0
S0920,1.1,51.5,51.2,44.1,5.23,3.4
S0921,3.9,71.7,62.9,69.9,6.61,3.5
S0922,2.9,84.9,66.8,61.6,6.95,7.8
S0923,4.7,69.0,63.3,63.3,7.19,10.0
S0924,3.5,89.0,64.6,74.5,6.36,1.4
S0925,4.2,82.7,67.9,72.7,6.54,1.2
S0926,7.9,94.6,100.0,100.0,9.9,1.9
S0927,4.2,77.9,78.5,77.4,7.59,3.8
S0928,5.2,80.3,82.3,68.0,7.81,6.0
S0929,4.1,90.3,63.6,62.5,7.98,5.3
S0930,4.6,92.4,76.3,72.6,8.12,4.4
S0931,4.5,69.6,66.3,62.4,7.32,5.2
S0932,5.3,86.2,88.9,87.6,7.43,2.5
S0933,6.6,89.8,100.0,94.8,9.38,3.5
S0934,7.5,100.0,100.0,100.0,9.55,4.0
S0935,5.1,76.2,71.7,79.9,7.29,0.5
S0936,5.6,100.0,65.3,89.2,8.02,1.4
S0937,2.4,72.3,44.2,66.3,6.11,1.5
S0938,4.3,73.6,83.4,74.6,6.27,5.7
S0939,6.2,89.1,85.7,89.3,8.69,4.5
S0940,6.1,87.1,81.4,99.1,7.82,5.3
S0941,4.9,75.8,89.5,76.3,7.53,0.0
S0942,6.1,95.4,99.9,87.6,8.25,0.7
S0943,5.4,79.2,80.9,73.3,7.59,5.5
S0944,6.7,78.3,87.1,94.6,8.01,0.0
S0945,5.0,84.7,78.5,89.0,7.58,6.7
S0946,3.9,64.9,68.3,64.4,7.41,0.0
S0947,5.1,81.9,92.2,89.3,8.25,5.9
S0948,0.5,52.8,43.3,35.0,4.66,2.0
S0949,5.2,81.3,85.7,78.8,7.64,6.3
S0950,0.5,79.0,55.9,44.5,5.54,11.1
S0951,1.4,66.9,40.4,41.8,5.83,0.0
S0952,5.3,92.1,89.5,100.0,7.62,5.5
S0953,5.4,74.2,77.0,77.8,7.53,0.0
S0954,2.4,66.6,36.6,51.5,5.02,4.9
S0955,3.2,79.2,48.6,64.7,7.09,3.5
S0956,7.0,90.6,86.5,78.8,9.74,4.3
S0957,3.6,87.9,74.9,63.9,7.05,2.0
S0958,8.5,98.4,100.0,100.0,8.87,5.7
S0959,4.5,82.4,76.8,69.6,7.6,0.8
S0960,5.2,84.1,96.5,73.8,7.34,6.7
S0961,7.4,100.0,90.0,100.0,8.98,3.1
S0962,4.7,80.7,76.3,86.5,7.69,0.9
S0963,2.7,71.7,62.5,62.6,6.23,7.5
S0964,4.3,81.7,67.9,69.3,6.98,3.9
S0965,4.4,78.0,74.0,70.9,6.89,8.2
S0966,2.0,74.6,43.4,48.2,5.91,6.7
S0967,4.0,84.4,83.9,63.9,6.95,2.2
S0968,3.2,76.2,59.0,54.8,5.98,3.8
S0969,6.2,91.1,100.0,84.3,8.26,4.3
S0970,4.6,92.5,78.1,69.8,7.76,7.4
S0971,4.0,79.8,79.4,57.7,6.92,5.0
S0972,4.3,81.1,73.3,74.6,6.56,4.4
S0973,4.9,88.4,79.4,81.2,8.13,3.6
S0974,5.6,100.0,82.8,100.0,7.11,3.9
S0975,2.7,62.1,58.6,50.2,5.68,6.9
S0976,2.6,80.7,64.3,63.0,6.03,4.0
S0977,6.5,79.9,82.4,90.7,8.36,3.1
S0978,3.8,82.5,69.2,67.3,7.19,2.8
S0979,1.9,83.9,53.0,62.7,6.54,2.8
S0980,5.3,94.2,100.0,90.1,7.71,0.9
S0981,5.3,91.5,82.8,86.0,8.25,2.3
S0982,1.7,63.4,63.7,47.0,5.51,7.3
S0983,4.9,87.8,78.0,76.3,6.9,3.5
S0984,5.8,90.7,88.8,75.7,9.08,5.5
S0985,5.2,82.0,69.4,72.9,7.02,0.0
S0986,5.6,89.2,81.4,79.9,8.28,5.3
S0987,2.0,71.6,56.6,44.2,5.92,3.6
S0988,5.1,81.7,92.0,82.2,7.74,2.9
S0989,4.0,74.5,71.3,77.9,6.62,4.4
S0990,3.6,67.5,76.6,56.6,6.87,2.9
S0991,6.1,97.9,95.3,92.8,7.83,0.0
S0992,7.2,100.0,100.0,90.8,9.12,6.0
S0993,7.7,100.0,100.0,100.0,9.19,4.5
S0994,6.9,100.0,100.0,91.4,8.69,3.3
S0995,4.3,84.6,70.6,78.7,7.47,1.9
S0996,5.1,92.3,76.1,76.7,8.39,0.8
S0997,5.9,96.0,78.7,96.7,8.23,4.5
S0998,4.7,85.5,96.3,75.2,7.87,7.5
S0999,4.7,81.6,83.4,70.9,7.45,4.4
S1000,6.0,100.0,87.5,80.5,8.13,1.0
